target,bucket,validation_mape,w_v2,w_chronos_tiny,w_chronos_mini,w_chronos_small,w_chronos_base,w_ttm_512,w_ttm_1024,w_ttm_1536,w_dlinear
Revenue,short,5.509817216213582,0.965591437927135,0.0,0.0,0.0033648753220197635,0.0,0.0,0.0,0.031043686750845234,0.0
Revenue,mid,6.995044179494372,0.8973956035571335,0.08881978308524646,0.0,0.0,0.0,0.0,0.0,0.0,0.013784613357619893
Revenue,long,5.977539614114707,0.9354300031750232,0.05689550683689813,0.0,0.0076744899880786905,0.0,0.0,0.0,0.0,0.0
COGS,short,7.014983494539872,0.941791498908271,0.0,0.0,0.0,0.0,0.0,0.0,0.054625550918047446,0.003582950173681576
COGS,mid,7.989320032870004,0.882271582939576,0.07191988422493159,0.0,0.0,0.0,0.0,0.0,0.0,0.045808532835492535
COGS,long,7.114817894809041,0.9005415102147714,0.09945848978522857,0.0,0.0,0.0,0.0,0.0,0.0,0.0
